city_id,city,country_id,country,latitude,longitude
6325494,Quebec City,CA,Canada,46.812,-71.215
6167865,Toronto,CA,Canada,43.700113788,-79.416304194
4908179,"Rosemont, IL",US,United States,41.9953077,-87.8845092
5045360,"St. Paul, MN",US,United States,44.944,-93.093
5419384,"Denver, CO",US,United States,39.7391536,-104.9847034
5780993,"Salt Lake City, UT",US,United States,40.7607794,-111.8910474
5812944,"Tacoma, WA",US,United States,47.2528769,-122.4442906
5746545,"Portland, OR",US,United States,45.5234515,-122.6762071
5389489,"Sacramento, CA",US,United States,38.5815719,-121.4943996
5308655,"Phoenix, AZ",US,United States,33.4483771,-112.0740373
5359488,"Inglewood, CA",US,United States,33.9616801,-118.3531311
5506956,"Las Vegas, NV",US,United States,36.1749705,-115.137223
5336899,"Chula Vista, CA",US,United States,32.6400541,-117.0841955
1848354,Yokohama,JP,Japan,35.45,139.65
1850147,Tokyo,JP,Japan,35.69,139.692
1853909,Osaka,JP,Japan,34.694,135.502
1849814,Toyota,JP,Japan,35.0833333,137.15
2193733,Auckland,NZ,New Zealand,-36.8666667,174.7666667
2147714,Sydney,AU,Australia,-33.8678499639382,151.207323074341
2174003,Brisbane,AU,Australia,-27.4679357321901,153.028092384338
2158177,Melbourne,AU,Australia,-37.8139965641595,144.963322877884
2078025,Adelaide,AU,Australia,-34.9333333,138.6
2063523,Perth,AU,Australia,-31.9333333,115.8333333
5359446,"Indio, CA",US,United States,33.7205771,-116.2155619
6173331,Vancouver,CA,Canada,49.249657393,-123.119340403
5946768,Edmonton,CA,Canada,53.550135939,-113.468712219
5913490,Calgary,CA,Canada,51.050112282,-114.085285152
2815623,Wacken,DE,Germany,54.021,9.376
2867714,Munich,DE,Germany,48.1374325498109,11.5754914283752
2925533,Frankfurt,DE,Germany,50.1166667,8.6833333
2935517,Dortmund,DE,Germany,51.5166667,7.45
3109453,Barakaldo,ES,Spain,43.2956366817153,-2.99729347229004
2519438,Churra,ES,Spain,38.0234,-1.13292
3128760,Barcelona,ES,Spain,41.3887868890716,2.15898513793945
3173435,Milan,IT,Italy,45.4642693810258,9.1895055770874
2791301,Merksem,BE,Belgium,51.25,4.45
2759794,Amsterdam,NL,Netherlands,52.373,4.9
2643743,London,GB,United Kingdom,51.5084152563931,-0.125532746315002
2655603,Birmingham,GB,United Kingdom,52.4666667,-1.9166667
2641170,Nottingham,GB,United Kingdom,52.9536023000285,-1.15047454833984
2643123,Manchester,GB,United Kingdom,53.4809464283615,-2.23743438720703
2644689,Leeds,GB,United Kingdom,51.2333333,0.6166667
2648579,Glasgow,GB,United Kingdom,55.8333333,-4.25
2964574,Dublin,IE,Ireland,53.3330556,-6.2488889
2910831,Hanover,DE,Germany,52.3705162650448,9.73322153091431
2657896,Zurich,CH,Switzerland,47.3666667,8.55
3024578,Clisson,FR,France,47.083,-1.283
3094802,Kraków,PL,Poland,50.0833333,19.9166667
2879139,Leipzig,DE,Germany,51.33962,12.371292
2689246,Norje,SE,Sweden,56.1166667,14.6666667
3161732,Bergen,NO,Norway,60.3931603404213,5.3242814540863
634963,Tampere,FI,Finland,61.499,23.787
3067696,Prague,CZ,Czechia,50.0878367932108,14.4241322001241
3196359,Ljubljana,SI,Slovenia,46.0552778,14.5144444
4174757,"Tampa, FL",US,United States,27.9475216,-82.4584279
4469146,"Greensboro, NC",US,United States,36.0726355,-79.7919754
4140963,"Washington, DC",US,United States,38.895,-77.036
5101798,"Newark, NJ",US,United States,40.735657,-74.1723667
5116508,"Elmont, NY",US,United States,40.700936,-73.712909
4956184,"Worcester, MA",US,United States,42.2625932,-71.8022934
6094817,Ottawa,CA,Canada,45.4209405046496,-75.6902861595154
5969785,Hamilton,CA,Canada,43.233408354,-79.949639869
4990729,"Detroit, MI",US,United States,42.331427,-83.0457538
4509177,"Columbus, OH",US,United States,39.9611755,-82.9987942
4887398,"Chicago, IL",US,United States,41.850033,-87.6500523
5231851,"Sioux Falls, SD",US,United States,43.5499749,-96.700327
5811696,"Spokane, WA",US,United States,47.6587803,-117.4260466
5809844,"Seattle, WA",US,United States,47.6062095,-122.3320708
5339111,"Concord, CA",US,United States,37.9779777,-122.0310733
5323810,"Anaheim, CA",US,United States,33.8352932,-117.9145036
5784607,"West Valley City, UT",US,United States,40.692,-112.001
4553433,"Tulsa, OK",US,United States,36.1539816,-95.992775
4671654,"Austin, TX",US,United States,30.267153,-97.7430608
5520993,"El Paso, TX",US,United States,31.7587198,-106.4869314
3530597,Mexico City,MX,Mexico,19.434,-99.139
3448439,São Paulo,BR,Brazil,-23.5475,-46.63611111
3451190,Rio de Janeiro,BR,Brazil,-22.903,-43.208
3451328,Ribeirão Preto,BR,Brazil,-21.1775,-47.81027778
3464975,Curitiba,BR,Brazil,-25.42777778,-49.27305556
2265464,Oeiras,PT,Portugal,38.6833333,-9.3166667
756135,Warsaw,PL,Poland,52.25,21.0
2711537,Gothenburg,SE,Sweden,57.7071623103656,11.9667935371399
2944388,Bremen,DE,Germany,53.075155679403,8.80777359008789
264371,Athens,GR,Greece,37.9833333,23.7333333
727011,Sofia,BG,Bulgaria,42.6975135281805,23.324146270752
2761353,Wiener Neustadt,AT,Austria,47.8,16.25
2825297,Stuttgart,DE,Germany,48.7823242931971,9.17701721191406
2950159,Berlin,DE,Germany,52.5166667,13.4
2886242,Cologne,DE,Germany,50.9333333,6.95
2759661,Arnhem,NL,Netherlands,51.98,5.911111
2990970,Nanterre,FR,France,48.9,2.2
6942479,Oslo,NO,Norway,59.912697157616,10.7413673400879
2618425,Copenhagen,DK,Denmark,55.6776812020993,12.5709342956543
2799511,Dessel,BE,Belgium,51.233,5.117
2655984,Belfast,GB,United Kingdom,54.5833333,-5.9333333
2653591,Castle Donington,GB,United Kingdom,52.8429056250398,-1.34187698364258
3054638,Budapest,HU,Hungary,47.5,19.08333
656913,Hyvinkää,FI,Finland,60.633,24.867
456172,Riga,LV,Latvia,56.95,24.1
598316,Kaunas,LT,Lithuania,54.9,23.9
683506,Bucharest,RO,Romania,44.433,26.1
792680,Belgrade,RS,Serbia,44.8186111,20.4680556
3186886,Zagreb,HR,Croatia,45.8,16.0
3871336,Santiago,CL,Chile,-33.426,-70.567
3435910,Buenos Aires,AR,Argentina,-34.576,-58.409
3452925,Porto Alegre,BR,Brazil,-30.03305556,-51.23
4726206,"San Antonio, TX",US,United States,29.4241219,-98.4936282
4736476,"The Woodlands, TX",US,United States,30.1579935,-95.4893845
4684888,"Dallas, TX",US,United States,32.7830556,-96.8066667
5454711,"Albuquerque, NM",US,United States,35.084,-106.651
5368361,"Los Angeles, CA",US,United States,34.052,-118.244
5378538,"Oakland, CA",US,United States,37.8043722,-122.2708026
6183235,Winnipeg,CA,Canada,49.884398624,-97.147044715
4924198,"Noblesville, IN",US,United States,40.0455918,-86.0085955
4913723,"Tinley Park, IL",US,United States,41.5733669,-87.7844944
4644585,"Nashville, TN",US,United States,36.1658899,-86.7844432
5206379,"Pittsburgh, PA",US,United States,40.4406248,-79.9958864
4508722,"Cincinnati, OH",US,United States,39.1620036,-84.4568863
5110629,"Buffalo, NY",US,United States,42.8864468,-78.8783689
6077243,Montreal,CA,Canada,45.5088375,-73.587809
4835797,"Hartford, CT",US,United States,41.7637111,-72.6850932
4943021,"Mansfield, MA",US,United States,42.0334326,-71.2189405
4560349,"Philadelphia, PA",US,United States,39.952335,-75.163789
5110302,"Brooklyn, NY",US,United States,40.65,-73.95
4749007,"Bristow, VA",US,United States,38.7228946,-77.5361005
4460243,"Charlotte, NC",US,United States,35.2270869,-80.8431268
4180439,"Atlanta, GA",US,United States,33.7489954,-84.3879824
4174403,"Sunrise, FL",US,United States,27.2594935,-82.4428733
2657832,Aberdeen,GB,United Kingdom,57.1333333,-2.1
2641673,Newcastle upon Tyne,GB,United Kingdom,54.973,-1.614
728193,Plovdiv,BG,Bulgaria,42.15,24.75
257886,Malakása,GR,Greece,38.2333333,23.8
3165185,Trieste,IT,Italy,45.6486111,13.78
3117735,Madrid,ES,Spain,40.4165020941502,-3.70256423950195
2267057,Lisbon,PT,Portugal,38.7166667,-9.1333333
2988507,Paris,FR,France,48.853,2.349
2925177,Freiburg,DE,Germany,47.9958954102206,7.85222053527832
3045190,Sopron,HU,Hungary,47.683,16.6
2660646,Geneva,CH,Switzerland,46.2022156980098,6.14569187164307
2770630,Nickelsdorf,AT,Austria,47.9405556,17.0694444
3176959,Florence,IT,Italy,43.7666667,11.25
3133880,Trondheim,NO,Norway,63.4305242970809,10.3949761390686
2673730,Stockholm,SE,Sweden,59.3325765361753,18.0649030208588
658225,Helsinki,FI,Finland,60.176,24.934
588409,Tallinn,EE,Estonia,59.4369583424862,24.7535276412964
4397340,"Maryland Heights, MO",US,United States,38.7131073,-90.4298401
4393217,"Kansas City, MO",US,United States,39.0997266,-94.5785667
5072006,"Lincoln, NE",US,United States,40.8000011,-96.6669599
5391710,"San Bernardino, CA",US,United States,34.1083449,-117.2897652
4699066,"Houston, TX",US,United States,29.7632836,-95.3632715
4544349,"Oklahoma City, OK",US,United States,35.4675602,-97.5164276
2653822,Cardiff,GB,United Kingdom,51.48,-3.18
2644210,Liverpool,GB,United Kingdom,53.4166667,-3.0
2638077,Sheffield,GB,United Kingdom,53.383,-1.466
2911298,Hamburg,DE,Germany,53.55,10.0
2860408,Oberhausen,DE,Germany,53.717,8.567
6693269,Esch-sur-Alzette,LU,Luxembourg,49.4958333,5.9805556
3190261,Split,HR,Croatia,43.5089077621721,16.439151763916
3169070,Rome,IT,Italy,41.9,12.483
6534466,Assago,IT,Italy,45.408869,9.125647
2659422,Nyon,CH,Switzerland,46.3831754031185,6.23954772949219
3109981,Santa Coloma de Gramenet,ES,Spain,41.4515243040983,2.20810174942017
2510911,Seville,ES,Spain,37.3772222,-5.9869444
6359224,Viveiro,ES,Spain,43.6555044627283,-7.58279126868027
3056508,Žilina,SK,Slovakia,49.223,18.739
3081368,Wrocław,PL,Poland,51.1,17.033
659180,Hämeenlinna,FI,Finland,60.996,24.464
524901,Moscow,RU,Russia,55.752,37.616
2620425,Herning,DK,Denmark,56.1393151149957,8.97378087043762
3156764,Fornebu,NO,Norway,59.9022222,10.6291667
2761369,Vienna,AT,Austria,48.2084877601653,16.3720750808716
2659811,Lucerne,CH,Switzerland,47.0504758054693,8.30635070800781
993800,Johannesburg,ZA,South Africa,-26.2,28.083
3369157,Cape Town,ZA,South Africa,-33.9166667,18.4166667
2192362,Christchurch,NZ,New Zealand,-43.5333333,172.6333333
1796236,Shanghai,CN,China,31.2222222,121.4580556
1816670,Beijing,CN,China,39.9074977414405,116.397228240967
4984565,"Auburn Hills, MI",US,United States,42.6875323,-83.2341028
5128581,"New York, NY",US,United States,40.7142691,-74.0059729
3399415,Fortaleza,BR,Brazil,-3.717222222,-38.54305556
3469058,Brasília,BR,Brazil,-15.77972,-47.92972
3470127,Belo Horizonte,BR,Brazil,-19.92083333,-43.93777778
3860259,Córdoba,AR,Argentina,-31.4,-64.1833333
3621849,San José,CR,Costa Rica,9.9333333,-84.0833333
3583361,San Salvador,SV,El Salvador,13.7086111,-89.2030556
11414139,Monterrey,MX,Mexico,25.671,-100.308
2645161,Knebworth,GB,United Kingdom,51.8666667,-0.2
3036784,Arras,FR,France,50.293,2.782
2960135,Roeser,LU,Luxembourg,49.5422222,6.15
2688368,Norrköping,SE,Sweden,58.5941863187648,16.1826038360596
3088171,Poznań,PL,Poland,52.417,16.967
7286458,Matten bei Interlaken,CH,Switzerland,46.67349,7.87411
2861650,Nuremberg,DE,Germany,49.4477778,11.0683333
3078610,Brno,CZ,Czechia,49.1952226735148,16.6079592704773
2861653,Nürburg,DE,Germany,50.3333333,6.95
3181928,Bologna,IT,Italy,44.4938114812334,11.3387489318848
2750053,Nijmegen,NL,Netherlands,51.8425,5.852778
3474570,Asunción,PY,Paraguay,-25.2666667,-57.6666667
4487042,"Raleigh, NC",US,United States,35.772096,-78.6386145
745042,Istanbul,TR,Turkey,41.0350820029997,28.9833068847656
498817,Saint Petersburg,RU,Russia,59.894,30.264
2675397,Solna,SE,Sweden,59.3600363042203,18.0008625984192
2692969,Malmö,SE,Sweden,55.6058691373243,13.0007314682007
3099434,Gdańsk,PL,Poland,54.35,18.667
3093133,Łódź,PL,Poland,51.75,19.467
2959945,Aach,DE,Germany,48.4666667,8.4833333
6299653,Piešťany,SK,Slovakia,48.617,17.833
2762714,Unterpremstätten,AT,Austria,46.9647222,15.4041667
3037838,Amnéville,FR,France,49.267,6.15
3169447,Rho,IT,Italy,45.530871,9.040143
6359344,Rivas-Vaciamadrid,ES,Spain,40.3510851699509,-3.51701238256767
5423908,"Greenwood Village, CO",US,United States,39.6172101,-104.9508141
5359777,"Irvine, CA",US,United States,33.6694649,-117.8231107
5408617,"Wheatland, CA",US,United States,39.0098947,-121.4230133
5375480,"Mountain View, CA",US,United States,37.3860517,-122.0838511
5785965,"Auburn, WA",US,United States,47.3073228,-122.2284532
5247387,"Cadott, WI",US,United States,44.9480187,-91.1507031
4988998,"Clarkston, MI",US,United States,42.7086411,-83.4396633
5114500,"Darien Center, NY",US,United States,42.9011709,-78.3886312
6141190,Sarnia,CA,Canada,42.96677575,-82.383127601
5263045,"Milwaukee, WI",US,United States,43.0389025,-87.9064736
4501018,"Camden, NJ",US,United States,39.9259463,-75.1196199
5143198,"Wantagh, NY",US,United States,40.6837121,-73.5101258
3121437,Getafe,ES,Spain,40.3057126677094,-3.73294830322266
2268339,Faro,PT,Portugal,37.0166667,-7.9333333
2783844,Werchter,BE,Belgium,50.967,4.7
2614481,Roskilde,DK,Denmark,55.6415191517441,12.0803475379944
3175537,Imola,IT,Italy,44.352267,11.715823
2659551,Münchenstein,CH,Switzerland,47.5137805113984,7.62434005737305
4568127,San Juan,PR,Puerto Rico,18.4663338,-66.1057217
6317953,Pinhais,BR,Brazil,-25.44472222,-49.1925
3393536,Olinda,BR,Brazil,-8.008888889,-34.85527778
3405870,Belém,BR,Brazil,-1.455833333,-48.50444444
3936454,Lima,PE,Peru,-12.0833333,-77.0833333
3688689,Bogota,CO,Colombia,4.6,-74.083
1835848,Seoul,KR,South Korea,37.5663889,126.9997222
1650534,Bali,ID,Indonesia,-8.3333333,115.0
1642911,Jakarta,ID,Indonesia,-6.174,106.829
1880252,Singapore,SG,Singapore,1.293,103.856
2509954,Valencia,ES,Spain,39.4697524227712,-0.377386808395386
2796490,Hasselt,BE,Belgium,50.93,5.338
3178496,Codroipo,IT,Italy,45.96,12.9791667
681290,Cluj-Napoca,RO,Romania,46.7666667,23.6
640999,Pori,FI,Finland,61.483,21.783
5151613,"Cuyahoga Falls, OH",US,United States,41.1339449,-81.4845585
5182414,"Burgettstown, PA",US,United States,40.3820133,-80.3928423
5099193,"Holmdel, NJ",US,United States,40.3451095,-74.1840322
6141256,Saskatoon,CA,Canada,52.116786331,-106.634521548
3390760,Recife,BR,Brazil,-8.053888889,-34.88111111
cu:aa1a5c16-06c7-11e6-b736-22000bb3106b,Manaus,BR,Brazil,-3.1190275,-60.02173140000002
3652462,Quito,EC,Ecuador,-0.2166667,-78.5
3646738,Caracas,VE,Venezuela,10.5,-66.9166667
3624955,Alajuela,CR,Costa Rica,10.0166667,-84.2166667
4005539,Guadalajara,MX,Mexico,20.6666667,-103.3333333
1277333,Bangalore,IN,India,12.976,77.603
292223,Dubai,AE,United Arab Emirates,25.2522222,55.28
2759633,Assen,NL,Netherlands,52.997,6.562
2619771,Horsens,DK,Denmark,55.8606582358663,9.85033750534058
2509832,Valverde de Mérida,ES,Spain,38.9166667,-6.2166667
2635308,Twickenham,GB,United Kingdom,51.4333333,-0.3166667
4352053,"Columbia, MD",US,United States,39.2403841,-76.8394184
6119109,Regina,CA,Canada,50.45008005,-104.61779794
4727785,"Selma, TX",US,United States,29.5843948,-98.3058463
5097459,"East Rutherford, NJ",US,United States,40.833989,-74.0970865
3979770,Zapopan,MX,Mexico,20.7166667,-103.4
2113015,Chiba,JP,Japan,35.362,140.622
1275339,Mumbai,IN,India,19.014,72.848
3128026,Bilbao,ES,Spain,43.2627062282001,-2.9252815246582
2934246,Düsseldorf,DE,Germany,51.2217225723832,6.77616119384766
2758992,Biddinghuizen,NL,Netherlands,52.455,5.693056
3173529,Mestre,IT,Italy,45.4902778,12.2425
2875376,Ludwigshafen am Rhein,DE,Germany,49.4811111,8.4352778
3068799,Ostrava,CZ,Czechia,49.8346452000378,18.2820440791588
2747351,'s-Hertogenbosch,NL,Netherlands,51.699,5.304
2624886,Aalborg,DK,Denmark,57.0479990421469,9.91870164871216
1856057,Nagoya,JP,Japan,35.105,136.542
1862415,Hiroshima,JP,Japan,34.4,132.45
5141927,"Uniondale, NY",US,United States,40.7003793,-73.5929056
4930956,"Boston, MA",US,United States,42.3584308,-71.0597732
2639577,Reading,GB,United Kingdom,51.4333333,-1.0
5251390,"East Troy, WI",US,United States,42.7852922,-88.405096
2744912,Weert,NL,Netherlands,50.8825,5.730556
2876699,Löbnitz,DE,Germany,51.5666667,11.95
2514891,Lorca,ES,Spain,37.6666667,-1.7
2658216,Uster,CH,Switzerland,47.3471259830111,8.72091153114829
3413829,Reykjavik,IS,Iceland,64.146027916677,-21.9422721862793
2778067,Graz,AT,Austria,47.0666667,15.45
3101619,Chorzów,PL,Poland,50.3,18.9666667
6940394,Saitama,JP,Japan,35.9080659046769,139.656572341919
2128291,Sapporo,JP,Japan,43.343,141.211
5404794,"Universal City, CA",US,United States,34.1388962,-118.3534115
2747891,Rotterdam,NL,Netherlands,51.9225,4.479167
2796816,Haasrode,BE,Belgium,50.832,4.73
3129028,Badalona,ES,Spain,41.4500446631785,2.24741220474243
3061186,Banská Bystrica,SK,Slovakia,48.733,19.15
721472,Debrecen,HU,Hungary,47.5333333,21.6333333
5391811,"San Diego, CA",US,United States,32.7153292,-117.1572551
5367929,"Long Beach, CA",US,United States,33.7669623,-118.1892348
2509491,Villarrobledo,ES,Spain,39.2666667,-2.6
2516326,Jerez de la Frontera,ES,Spain,36.6833333,-6.1333333
8533399,Granges-Paccot,CH,Switzerland,46.82666,7.14255
2759103,Burgum,NL,Netherlands,53.19,5.991
3061369,Zlín,CZ,Czechia,49.2266542140525,17.6663338474031
3188244,Velika Gorica,HR,Croatia,45.712,16.076
3110044,San Sebastian,ES,Spain,43.3128301277,-1.97499342945
3096473,Katowice,PL,Poland,50.2333333,19.0333333
2972328,Toulon,FR,France,43.117,5.933
2972315,Toulouse,FR,France,43.604,1.444
3121424,Gijón,ES,Spain,43.5411111,-5.6644444
3119841,A Coruña,ES,Spain,43.371,-8.396
2928810,Essen,DE,Germany,51.45,7.0166667
1863967,Fukuoka,JP,Japan,33.5833333,130.4
2111149,Sendai,JP,Japan,38.2547222,140.8847222
5325738,"Bakersfield, CA",US,United States,35.3732921,-119.0187125
5431916,"Morrison, CO",US,United States,39.6535988,-105.1910996
5417598,"Colorado Springs, CO",US,United States,38.8338816,-104.8213634
4268521,"Bonner Springs, KS",US,United States,39.059726,-94.8835754
5211303,"Scranton, PA",US,United States,41.408969,-75.6624122
4975802,"Portland, ME",US,United States,43.661471,-70.2553259
2514868,Los Alcázares,ES,Spain,37.7442498975976,-0.850410461425781
2741672,Caminha,PT,Portugal,41.8666667,-8.8333333
2873891,Mannheim,DE,Germany,49.4883333,8.4647222
633679,Turku,FI,Finland,60.45,22.283
2980294,Saint-Étienne,FR,France,44.817,5.267
3172629,Monza,IT,Italy,45.582475,9.274847
3199017,Izola,SI,Slovenia,45.5369444,13.6619444
2973783,Strasbourg,FR,France,48.583,7.75
3118594,Leganés,ES,Spain,40.3271784341697,-3.76350402832031
5150529,"Cleveland, OH",US,United States,41.4994954,-81.6954088
6138517,Saint John,CA,Canada,45.259350137,-66.037744792
2639996,Portsmouth,GB,United Kingdom,50.8090805768295,-1.07142448425293
2641596,Newport,GB,United Kingdom,52.0166667,-4.8333333
2633691,Wolverhampton,GB,United Kingdom,52.5833333,-2.1333333
3024635,Clermont-Ferrand,FR,France,45.783,3.083
2988358,Pau,FR,France,43.3,-0.3666667
6454924,Nice,FR,France,43.70194,7.26833
2518794,Dos Hermanas,ES,Spain,37.2844444,-5.9241667
2522258,Albacete,ES,Spain,38.9833333,-1.85
3104324,Zaragoza,ES,Spain,41.656,-0.877
2968254,Villeurbanne,FR,France,45.767,4.883
3033123,Besançon,FR,France,47.25,6.033
2991214,Mulhouse,FR,France,47.75,7.333
7287592,Winterthur,CH,Switzerland,47.497,8.734
6559110,Offenbach am Main,DE,Germany,50.1054,8.76196
2911522,Halle,DE,Germany,51.5,12.0
2929670,Erfurt,DE,Germany,50.9833333,11.0333333
2923544,Fürth,DE,Germany,49.4759324874152,10.9885597229004
734077,Thessaloniki,GR,Greece,40.6402778,22.9438889
4726290,"San Benito, TX",US,United States,26.132576,-97.6311006
4997787,"Kalamazoo, MI",US,United States,42.2917069,-85.5872286
2563232,Attard,MT,Malta,35.88972,14.4425
2992166,Montpellier,FR,France,43.6,3.883
3106672,Valladolid,ES,Spain,41.65,-4.7166667
6359872,Ourense,ES,Spain,42.350882201474,-7.90210545041907
2269594,Cascais,PT,Portugal,38.6979033995304,-9.42146301269531
2947444,Böblingen,DE,Germany,48.6833333,9.0166667
3171173,Pesaro,IT,Italy,43.903566,12.890256
3176219,Genoa,IT,Italy,44.4063162526614,8.93385887145996
2994951,Maxéville,FR,France,48.717,6.167
2998324,Lille,FR,France,50.633,3.067
2641181,Norwich,GB,United Kingdom,52.6278273182018,1.29833936691284
3022071,Cunlhat,FR,France,45.633,3.583
3024297,Colmar,FR,France,48.083,7.367
3122157,Fraga,ES,Spain,41.5229411371777,0.348944664001465
2520611,Cáceres,ES,Spain,39.4764855541974,-6.37224197387695
2614790,Ringe,DK,Denmark,55.2333333,10.4833333
653627,Kauhajoki,FI,Finland,62.433,22.183
5777793,"Magna, UT",US,United States,40.7091121,-112.1016088
5525577,"Lubbock, TX",US,United States,33.5778631,-101.8551665
4641239,"Memphis, TN",US,United States,35.1495343,-90.0489801
4167102,"Orange Park, FL",US,United States,30.1660736,-81.706484
4155966,"Fort Lauderdale, FL",US,United States,26.1223084,-80.1433786
4167147,"Orlando, FL",US,United States,28.5383355,-81.3792365
4407066,"St. Louis, MO",US,United States,38.6272733,-90.1978889
5037649,"Minneapolis, MN",US,United States,44.9799654,-93.2638361
4920423,"Fort Wayne, IN",US,United States,41.1306041,-85.1288597
5192726,"Harrisburg, PA",US,United States,40.2737002,-76.8844179
5102162,"Old Bridge, NJ",US,United States,40.4148291,-74.3654267
4347778,"Baltimore, MD",US,United States,39.2903848,-76.6121893
5224151,"Providence, RI",US,United States,41.8239891,-71.4128343
2992292,Montluçon,FR,France,46.333,2.6
3172681,Montichiari,IT,Italy,45.415181,10.390675
3171180,Perugia,IT,Italy,43.096743,12.382858
3172394,Naples,IT,Italy,40.8333333,14.25
2525790,Acireale,IT,Italy,37.606655,15.162789
2743477,Zwolle,NL,Netherlands,52.5125,6.094444
2864820,Neu Isenburg,DE,Germany,50.05,8.7
3209505,Thônex,CH,Switzerland,46.1881498281879,6.19903564453125
3181913,Bolzano,IT,Italy,46.492716,11.333576
3170147,Pordenone,IT,Italy,45.9638889,12.6575
3173331,Modena,IT,Italy,44.6478340072451,10.9253883361816
3165524,Turin,IT,Italy,45.0704898496472,7.68682479858398
2517117,Granada,ES,Spain,37.1881683871318,-3.60666990280151
3114472,Pamplona,ES,Spain,42.8168735224728,-1.64322853088379
2949186,Bielefeld,DE,Germany,52.0333333,8.5333333
2799746,Deinze,BE,Belgium,50.983,3.533
1007311,Durban,ZA,South Africa,-29.85,31.017
293397,Tel Aviv,IL,Israel,32.0666667,34.7666667
294801,Haifa,IL,Israel,32.816,34.989
281184,Jerusalem,IL,Israel,31.767,35.233
7290170,Iver Heath,GB,United Kingdom,51.53642,-0.5179
2659496,Neuchâtel,CH,Switzerland,46.9917870407831,6.93099975585938
3014728,Grenoble,FR,France,45.167,5.717
2523679,Priolo Gargallo,IT,Italy,37.157247,15.180194
3173914,Marino,IT,Italy,41.762416,12.644383
6535597,Majano,IT,Italy,46.187523,13.061622
3031005,Bourges,FR,France,47.083,2.4
2954172,Augsburg,DE,Germany,48.3666667,10.8833333
2842647,Saarbrücken,DE,Germany,49.2333333,7.0
2805615,Würzburg,DE,Germany,49.7877778,9.9361111
3060972,Bratislava,SK,Slovakia,48.15,17.117
1865387,Amagasaki,JP,Japan,34.717,135.417
1859307,Kita-Kyuushuu,JP,Japan,33.833,130.833
4562832,Bayamon,PR,Puerto Rico,18.178,-66.113
3169522,Reggio nell'Emilia,IT,Italy,44.698250405038,10.6312465667725
3032833,Béziers,FR,France,43.35,3.25
3037542,Annecy,FR,France,45.8907,6.17903
2659136,Prilly,CH,Switzerland,46.5393808820938,6.59265518188477
2798139,Vorst / Forest,BE,Belgium,50.8,4.317
3441575,Montevideo,UY,Uruguay,-34.8580556,-56.1708333
4602814,"Antioch, TN",US,United States,36.3558822,-86.2549901
5289282,"Chandler, AZ",US,United States,33.3061605,-111.8412502
5341430,"Daly City, CA",US,United States,37.7057657,-122.4619166
5134086,"Rochester, NY",US,United States,43.1547845,-77.6155568
3004837,Le Castellet,FR,France,43.938,5.979
2661552,Bern,CH,Switzerland,46.948,7.447
10981738,Oomiya,JP,Japan,35.964,139.831
5750162,"Salem, OR",US,United States,44.9428975,-123.0350963
5168025,"Richfield, OH",US,United States,41.2397772,-81.6381785
4801859,"Charleston, WV",US,United States,38.3498195,-81.6326235
4758023,"Fairfax, VA",US,United States,38.8462236,-77.3063733
4839366,"New Haven, CT",US,United States,41.3081527,-72.9281578
5106834,"Albany, NY",US,United States,42.6525793,-73.7562317
6324729,Halifax,CA,Canada,44.6453303558448,-63.5723876953125
2797670,Genk,BE,Belgium,50.967,5.5
2634032,Whitley Bay,GB,United Kingdom,55.0508333,-1.4538889
2650225,Edinburgh,GB,United Kingdom,55.95,-3.2
3165201,Treviso,IT,Italy,45.6666667,12.245
3159016,Drammen,NO,Norway,59.7439367975026,10.204493701458
2751773,Leiden,NL,Netherlands,52.158333,4.493056
2647525,Hanley,GB,United Kingdom,53.0333333,-2.1833333
2640101,Poole,GB,United Kingdom,50.7166667,-2.0
2640681,Paignton,GB,United Kingdom,50.4333333,-3.5666667
2651347,Derby,GB,United Kingdom,52.9333333,-1.5
2653942,Cambridge,GB,United Kingdom,52.2018,0.1144
2645425,Kingston upon Hull,GB,United Kingdom,53.7445995159511,-0.335254669189453
2644668,Leicester,GB,United Kingdom,52.6333333,-1.1333333
2639913,Preston,GB,United Kingdom,53.75663,-0.19775
2656708,Ayr,GB,United Kingdom,55.45,-4.6166667
2640729,Oxford,GB,United Kingdom,51.7522210025796,-1.25596046447754
2637487,Southampton,GB,United Kingdom,50.9,-1.4
2642465,Milton Keynes,GB,United Kingdom,52.0417219233052,-0.755825042724609
2746301,Tilburg,NL,Netherlands,51.555514883268,5.09130477905273
2775220,Innsbruck,AT,Austria,47.2626600380713,11.3945388793945
2947416,Bochum,DE,Germany,51.4833333,7.2166667
2834498,Schweinfurt,DE,Germany,50.05,10.2333333
4762894,"Hampton, VA",US,United States,37.0298687,-76.3452218
4360287,"Landover, MD",US,United States,38.9340002,-76.8966397
4168139,"Pembroke Pines, FL",US,United States,26.0031465,-80.223937
4152872,"Daytona Beach, FL",US,United States,29.2108147,-81.0228331
4335045,"New Orleans, LA",US,United States,29.955,-90.075
4691930,"Fort Worth, TX",US,United States,32.725409,-97.3208496
5141502,"Troy, NY",US,United States,42.7284117,-73.6917851
5132143,"Poughkeepsie, NY",US,United States,41.7003713,-73.9209701
4259418,"Indianapolis, IN",US,United States,39.7683765,-86.1580423
4850751,"Cedar Rapids, IA",US,United States,42.0083328,-91.6440683
5018739,"Bloomington, MN",US,United States,44.840798,-93.2982799
5074472,"Omaha, NE",US,United States,41.2586096,-95.937792
6076211,Moncton,CA,Canada,46.115943434,-64.801862188
1857910,Kyoto,JP,Japan,35.021,135.754
5392171,"San Jose, CA",US,United States,37.3393857,-121.8949555
5511077,"Reno, NV",US,United States,39.5296329,-119.8138027
5174035,"Toledo, OH",US,United States,41.6639383,-83.555212
5195563,"Johnstown, PA",US,United States,40.9400816,-77.0527488
4509884,"Dayton, OH",US,United States,39.7589478,-84.1916069
5180224,"Bethlehem, PA",US,United States,40.8617302,-78.7303073
5007989,"Saginaw, MI",US,United States,43.4194699,-83.9508068
4985153,"Battle Creek, MI",US,United States,42.3211522,-85.1797142
5261457,"Madison, WI",US,United States,43.0730517,-89.4012302
5318313,"Tucson, AZ",US,United States,32.2217429,-110.926479
5350937,"Fresno, CA",US,United States,36.7477272,-119.7723661
4280910,"Valley Center, KS",US,United States,37.8347342,-97.3733759
5516233,"Amarillo, TX",US,United States,35.2219971,-101.8312969
4683416,"Corpus Christi, TX",US,United States,27.8005828,-97.396381
4543762,"Norman, OK",US,United States,35.2225668,-97.4394777
4161438,"Lakeland, FL",US,United States,28.0394654,-81.9498042
4160021,"Jacksonville, FL",US,United States,30.3321838,-81.655651
2659994,Lausanne,CH,Switzerland,46.5159963488544,6.6328239440918
6694210,Neunkirchen am Brand,DE,Germany,49.6120447123999,11.1296653747559
2996944,Lyon,FR,France,45.75,4.85
2654994,Bradford,GB,United Kingdom,51.0,-3.1833333
2654675,Bristol,GB,United Kingdom,51.45,-2.5833333
2638853,St Austell,GB,United Kingdom,50.3383333,-4.7658333
3080985,Zabrze,PL,Poland,50.3166667,18.7833333
4853828,"Des Moines, IA",US,United States,41.6005448,-93.6091064
5062458,"West Fargo, ND",US,United States,46.8749671,-96.900362
6332120,"Columbus, MN",US,United States,45.2652,-93.0501
5272775,"Seymour, WI",US,United States,44.8266271,-91.4312699
4905687,"Peoria, IL",US,United States,40.6936488,-89.5889864
4896075,"Hoffman Estates, IL",US,United States,42.0428052,-88.079795
4988575,"Charlevoix, MI",US,United States,45.3180632,-85.2584004
4257227,"Evansville, IN",US,United States,37.9747644,-87.5558482
5178127,"Allentown, PA",US,United States,40.6084305,-75.4901833
4951788,"Springfield, MA",US,United States,42.1014831,-72.589811
5118693,"Glens Falls, NY",US,United States,43.3095164,-73.6440058
5109177,"Binghamton, NY",US,United States,42.0986867,-75.9179738
2155472,Newcastle,AU,Australia,-32.9271483615446,151.776466369629
7839770,Shellharbour,AU,Australia,-34.59028,150.77119
2172517,Canberra,AU,Australia,-35.2834624726481,149.128074645996
5856195,"Honolulu, HI",US,United States,21.3069444,-157.8583333
4739526,"Waco, TX",US,United States,31.549333,-97.1466695
4418478,"Biloxi, MS",US,United States,30.3960318,-88.8853078
4672989,"Beaumont, TX",US,United States,30.0860459,-94.1018461
4068590,"Huntsville, AL",US,United States,34.7303688,-86.5861037
4049979,"Birmingham, AL",US,United States,33.5206608,-86.80249
4612862,"Chattanooga, TN",US,United States,35.0456297,-85.3096801
4171563,"St. Petersburg, FL",US,United States,27.7708606,-82.6792661
4155995,"Fort Myers, FL",US,United States,26.6216798851156,-81.8405914306641
4580543,"Greenville, SC",US,United States,34.8526176,-82.3940105
4634946,"Knoxville, TN",US,United States,35.9606384,-83.9207392
4633419,"Johnson City, TN",US,United States,36.3134397,-82.3534727
4575352,"Columbia, SC",US,United States,34.0007104,-81.0348144
5964700,Greater Sudbury,CA,Canada,46.4900017267563,-80.9900093078613
2842884,Rüsselsheim,DE,Germany,49.9925,8.435
2990999,Nancy,FR,France,48.683,6.2
2929863,Eppelheim,DE,Germany,49.4025,8.6330556
2646057,Ipswich,GB,United Kingdom,52.0546544307833,1.15699768066406
3031582,Bordeaux,FR,France,44.833,-0.567
6458924,Porto,PT,Portugal,41.158,-8.636
6432577,Palavas-les-Flots,FR,France,43.533,3.933
3182834,Arma di Taggia,IT,Italy,43.8333333,7.85
2760610,Zeltweg,AT,Austria,47.1833333,14.75
2820256,Ulm,DE,Germany,48.3984083917668,9.99155044555664
3003952,Le Grand-Quevilly,FR,France,49.417,1.033
2752923,Kerkrade,NL,Netherlands,50.865833,6.0625
2891122,Kiel,DE,Germany,54.3213292610791,10.1348876953125
4273837,"Kansas City, KS",US,United States,39.1141708,-94.627457
4776222,"Norfolk, VA",US,United States,36.8468146,-76.2852183
4998830,"Lansing, MI",US,United States,42.732535,-84.5555347
6942688,Chicoutimi,CA,Canada,48.4274919510833,-71.0635185241699
6173577,Vaughan,CA,Canada,43.833414633,-79.532913429
4951579,"South Yarmouth, MA",US,United States,41.6667779,-70.1847414
5140405,"Syracuse, NY",US,United States,43.0481221,-76.1474244
5188843,"Erie, PA",US,United States,42.1292241,-80.085059
4299276,"Louisville, KY",US,United States,38.2542376,-85.759407
4119403,"Little Rock, AR",US,United States,34.7464809,-92.2895948
4341513,"Shreveport, LA",US,United States,32.5251516,-93.7501789
5586437,"Boise, ID",US,United States,43.6135002,-116.2034505
5820705,"Casper, WY",US,United States,42.866632,-106.313081
1855431,Niigata,JP,Japan,37.545,139.021
4368711,"Salisbury, MD",US,United States,38.3606736,-75.5993692
4809537,"Huntington, WV",US,United States,38.4192496,-82.445154
4907959,"Rockford, IL",US,United States,42.2711311,-89.0939952
2653143,Chippenham,GB,United Kingdom,52.3,0.4333333
5527554,"Odessa, TX",US,United States,31.8456816,-102.3676431
4250542,"Springfield, IL",US,United States,39.8017171,-89.6437107
5059163,"Fargo, ND",US,United States,46.8771863,-96.7898034
6174041,Victoria,CA,Canada,48.432935738,-123.369299678
4889426,"Danville, IL",US,United States,40.124481,-87.6300207
5129951,"Orchard Park, NY",US,United States,42.7675593,-78.7439189
5118626,"Glen Cove, NY",US,United States,40.8623217,-73.6337389
5992500,Kingston,CA,Canada,44.2297640782947,-76.4809799194336
4431410,"Jackson, MS",US,United States,32.2987573,-90.1848103
4174715,"Tallahassee, FL",US,United States,30.4382559,-84.2807329
4188985,"Columbus, GA",US,United States,32.4609764,-84.9877094
4853423,"Davenport, IA",US,United States,41.5236437,-90.5776367
4923482,"Merrillville, IN",US,United States,41.4828144,-87.3328139
4992982,"Flint, MI",US,United States,43.0125274,-83.6874562
2831948,Sindelfingen,DE,Germany,48.7,9.0166667
3019257,Évry,FR,France,48.267,3.25
2657970,Winterthur,CH,Switzerland,47.5,8.75
3021372,Dijon,FR,France,47.317,5.017
2986495,Poitiers,FR,France,46.583,0.333
3030300,Brest,FR,France,48.4,-4.483
6456407,Le Mans,FR,France,48.004,0.197
3033391,Bergerac,FR,France,44.85,0.4833333
3024223,Colomiers,FR,France,43.617,1.35
6452026,Nogent-sur-Marne,FR,France,48.833,2.483
2984114,Reims,FR,France,49.25,4.033
2655009,Bracknell,GB,United Kingdom,51.4166667,-0.75
2646458,Huddersfield,GB,United Kingdom,53.65,-1.7833333
2650657,Dunstable,GB,United Kingdom,51.8860013686483,-0.520992279052734
3171728,Padua,IT,Italy,45.415194,11.881808
2693678,Lund,SE,Sweden,55.702802466167,13.1927347183228
2989459,Orange,FR,France,46.03,6.323
2938913,Darmstadt,DE,Germany,49.8705556,8.6494444
2759549,Baarlo,NL,Netherlands,51.330833,6.094444
4561879,"Upper Darby, PA",US,United States,39.9284459,-75.2737955
4588718,"Myrtle Beach, SC",US,United States,33.6890603,-78.8866943
5095281,"Asbury Park, NJ",US,United States,40.2203907,-74.0120817
4900739,"Lynwood, IL",US,United States,41.5264242,-87.5386524
4738606,"University Park, TX",US,United States,32.85013,-96.80028
4705349,"Laredo, TX",US,United States,27.506407,-99.5075421
4709796,"McAllen, TX",US,United States,26.2034071,-98.2300124
2801472,Borgerhout,BE,Belgium,51.117,5.083
6454159,Orléans,FR,France,47.903,1.904
3020894,Douvaine,FR,France,46.305,6.304
2892794,Karlsruhe,DE,Germany,49.0047222,8.3858333
2810716,Wertheim,DE,Germany,49.7575,9.5094444
2929567,Erlangen,DE,Germany,49.5897222,11.0038889
3175986,Gorizia,IT,Italy,45.945,13.5977778
3181554,Brescia,IT,Italy,45.524782,10.227269
2993760,Miramas,FR,France,43.583,5.0
3014080,Hagondange,FR,France,49.25,6.167
2642607,Middlesbrough,GB,United Kingdom,54.5727778,-1.1627778
2655095,Bournemouth,GB,United Kingdom,50.7166667,-1.8833333
2636177,Taunton,GB,United Kingdom,51.0211111,-3.1047222
2647793,Guildford,GB,United Kingdom,51.2353612561628,-0.574271678924561
2644972,Lancaster,GB,United Kingdom,54.0474969742283,-2.80031204223633
2639563,Redcar,GB,United Kingdom,54.6075,-1.0594444
2635042,Uxbridge,GB,United Kingdom,51.5461882622657,-0.479611158370972
6556329,Unterföhring,DE,Germany,48.1884,11.6584
6451576,Morières-lès-Avignon,FR,France,43.933,4.9
2892518,Kassel,DE,Germany,51.3166667,9.5
2634276,West Runton,GB,United Kingdom,52.9333333,1.25
2636811,Stonehouse,GB,United Kingdom,51.75,-2.2833333
6296555,Oulu,FI,Finland,64.93,25.355
2654710,Brighton,GB,United Kingdom,50.8283849472495,-0.139474868774414
2656173,Bath,GB,United Kingdom,51.3794444,-2.3655556
2636432,Swansea,GB,United Kingdom,51.6207876683235,-3.94323348999023
2653305,Chatham,GB,United Kingdom,51.3789061005396,0.527858734130859
2634910,Wakefield,GB,United Kingdom,53.6833140988651,-1.49768114089966
2650752,Dundee,GB,United Kingdom,56.5,-2.9666667
2636532,Sunderland,GB,United Kingdom,54.7,-3.2666667
2648063,Great Malvern,GB,United Kingdom,52.1166667,-2.3166667
2636388,Swindon,GB,United Kingdom,51.9333333,-2.1
2655525,Blackburn,GB,United Kingdom,53.4333333,-1.3666667
2633744,Withernsea,GB,United Kingdom,53.7310954424261,0.0334739685058594
2653775,Carlisle,GB,United Kingdom,54.8833333,-2.9333333
2650732,Dunfermline,GB,United Kingdom,56.0833333,-3.4666667
2644487,Lincoln,GB,United Kingdom,53.2333333,-0.5333333
2647878,Grimsby,GB,United Kingdom,53.5333333,-0.05
2640194,Plymouth,GB,United Kingdom,50.3715254228346,-4.14304733276367
2794056,Kortrijk,BE,Belgium,50.828,3.265
2636841,Stoke-on-Trent,GB,United Kingdom,53.0,-2.1833333
2639789,Queensferry,GB,United Kingdom,53.2,-3.0333333
2650346,Retford,GB,United Kingdom,53.3221326858452,-0.943150520324707
2641022,Oldham,GB,United Kingdom,53.5405114130026,-2.11830139160156
2643097,Mansfield,GB,United Kingdom,53.1333333,-1.2
2649469,Fife,GB,United Kingdom,56.25,-3.1666667
2649808,Exeter,GB,United Kingdom,50.7235979104432,-3.52750718593597
2634740,Warrington,GB,United Kingdom,52.1666667,-0.6833333
2655613,Birkenhead,GB,United Kingdom,53.4,-3.0333333
2654200,Burton upon Trent,GB,United Kingdom,52.8,-1.6166667
2636616,Stroud,GB,United Kingdom,51.75,-2.2
2639989,Port Talbot,GB,United Kingdom,51.6,-3.7833333
2655459,Blackpool,GB,United Kingdom,53.8166667,-3.05
3345283,Tonypandy,GB,United Kingdom,51.6202778,-3.4547222
2641700,Newbridge,GB,United Kingdom,51.6666667,-3.1333333
2656195,Basildon,GB,United Kingdom,51.5,-1.1166667
2653516,Catford,GB,United Kingdom,51.4449135947502,-0.0204277038574219
2635124,Upper Heyford,GB,United Kingdom,51.9333333,-1.2666667
2656725,Axminster,GB,United Kingdom,50.7833333,-2.9833333
2633583,Woolwich,GB,United Kingdom,51.4666667,0.2
2649889,Essex,GB,United Kingdom,51.8333333,0.5833333
2651621,Dagenham,GB,United Kingdom,51.55,0.1666667
